{
  "items": {
    "Desert Eagle | Mecha Industries (Factory New)": {
      "market_hash_name": "Desert Eagle | Mecha Industries (Factory New)",
      "label": "Desert Eagle | Mecha Industries (Factory New)",
      "appid": 730,
      "steam_url": "https://steamcommunity.com/market/listings/730/Desert%20Eagle%20%7C%20Mecha%20Industries%20%28Factory%20New%29",
      "purchase_price": 1,
      "quantity": 1,
      "purchase_currency": "CHF",
      "price_history": [
        {
          "date": "2025-09-18T03:27:41.799Z",
          "median_price": 22.4
        },
        {
          "date": "2025-09-18T03:32:39.707Z",
          "median_price": 22.4
        },
        {
          "date": "2025-09-18T03:39:26.916Z",
          "median_price": 22.4
        },
        {
          "date": "2025-09-18T03:39:38.978Z",
          "median_price": 22.4
        },
        {
          "date": "2025-09-18T03:39:46.535Z",
          "median_price": 22.4
        },
        {
          "date": "2025-09-18T03:47:11.258Z",
          "median_price": 22.4
        },
        {
          "date": "2025-09-18T03:57:30.819Z",
          "median_price": 22.4
        },
        {
          "date": "2025-09-18T04:01:30.712Z",
          "median_price": 22.4
        },
        {
          "date": "2025-09-18T04:02:56.580Z",
          "median_price": 22.4
        },
        {
          "date": "2025-09-18T05:25:22.081Z",
          "median_price": 22.4
        },
        {
          "date": "2025-09-18T05:33:28.461Z",
          "median_price": 22.4
        },
        {
          "date": "2025-09-18T05:34:43.953Z",
          "median_price": 22.4
        },
        {
          "date": "2025-09-18T05:38:58.934Z",
          "median_price": 22.4
        },
        {
          "date": "2025-09-18T05:42:18.488Z",
          "median_price": 22.4
        },
        {
          "date": "2025-09-18T05:44:48.635Z",
          "median_price": 22.4
        },
        {
          "date": "2025-09-18T05:47:23.213Z",
          "median_price": 22.4
        },
        {
          "date": "2025-09-18T05:48:19.020Z",
          "median_price": 22.4
        },
        {
          "date": "2025-09-18T05:50:07.239Z",
          "median_price": 22.4
        },
        {
          "date": "2025-09-18T05:52:15.552Z",
          "median_price": 22.4
        },
        {
          "date": "2025-09-18T05:52:59.872Z",
          "median_price": 22.4
        }
      ]
    },
    "SSG 08 | Fever Dream (Factory New)": {
      "market_hash_name": "SSG 08 | Fever Dream (Factory New)",
      "label": "SSG 08 | Fever Dream (Factory New)",
      "appid": 730,
      "steam_url": "https://steamcommunity.com/market/listings/730/SSG%2008%20%7C%20Fever%20Dream%20%28Factory%20New%29",
      "purchase_price": 50,
      "quantity": 1,
      "purchase_currency": "CHF",
      "price_history": [
        {
          "date": "2025-09-18T03:32:07.099Z",
          "median_price": 4
        },
        {
          "date": "2025-09-18T03:32:29.414Z",
          "median_price": 4
        },
        {
          "date": "2025-09-18T03:32:39.724Z",
          "median_price": 4
        },
        {
          "date": "2025-09-18T03:39:26.932Z",
          "median_price": 4
        },
        {
          "date": "2025-09-18T03:39:38.994Z",
          "median_price": 4
        },
        {
          "date": "2025-09-18T03:39:46.555Z",
          "median_price": 4
        },
        {
          "date": "2025-09-18T03:47:11.277Z",
          "median_price": 4
        },
        {
          "date": "2025-09-18T03:57:30.837Z",
          "median_price": 4
        },
        {
          "date": "2025-09-18T04:01:30.729Z",
          "median_price": 4
        },
        {
          "date": "2025-09-18T04:02:56.599Z",
          "median_price": 4
        },
        {
          "date": "2025-09-18T05:25:22.099Z",
          "median_price": 3.01
        },
        {
          "date": "2025-09-18T05:33:28.479Z",
          "median_price": 3.01
        },
        {
          "date": "2025-09-18T05:34:43.972Z",
          "median_price": 3.01
        },
        {
          "date": "2025-09-18T05:38:58.952Z",
          "median_price": 3.01
        },
        {
          "date": "2025-09-18T05:42:18.506Z",
          "median_price": 3.01
        },
        {
          "date": "2025-09-18T05:44:48.655Z",
          "median_price": 3.01
        },
        {
          "date": "2025-09-18T05:47:23.234Z",
          "median_price": 3.01
        },
        {
          "date": "2025-09-18T05:48:19.038Z",
          "median_price": 3.01
        },
        {
          "date": "2025-09-18T05:50:07.254Z",
          "median_price": 3.01
        },
        {
          "date": "2025-09-18T05:52:15.569Z",
          "median_price": 3.01
        },
        {
          "date": "2025-09-18T05:52:59.890Z",
          "median_price": 3.01
        }
      ]
    },
    "Sealed Genesis Terminal": {
      "market_hash_name": "Sealed Genesis Terminal",
      "label": "Sealed Genesis Terminal",
      "appid": 730,
      "steam_url": "https://steamcommunity.com/market/listings/730/Sealed%20Genesis%20Terminal",
      "purchase_price": 12,
      "quantity": 3,
      "purchase_currency": "CHF",
      "price_history": [
        {
          "date": "2025-09-18T03:49:12.304Z",
          "median_price": 15.22
        },
        {
          "date": "2025-09-18T03:52:49.960Z",
          "median_price": 15.22
        },
        {
          "date": "2025-09-18T03:57:30.858Z",
          "median_price": 15.22
        },
        {
          "date": "2025-09-18T04:01:30.753Z",
          "median_price": 15.22
        },
        {
          "date": "2025-09-18T04:02:56.620Z",
          "median_price": 15.22
        },
        {
          "date": "2025-09-18T05:25:22.117Z",
          "median_price": 14.99
        },
        {
          "date": "2025-09-18T05:33:28.496Z",
          "median_price": 14.99
        },
        {
          "date": "2025-09-18T05:34:32.820Z",
          "median_price": 14.99
        },
        {
          "date": "2025-09-18T05:34:43.991Z",
          "median_price": 14.99
        },
        {
          "date": "2025-09-18T05:38:58.968Z",
          "median_price": 14.99
        },
        {
          "date": "2025-09-18T05:42:18.526Z",
          "median_price": 14.99
        },
        {
          "date": "2025-09-18T05:44:48.676Z",
          "median_price": 14.99
        },
        {
          "date": "2025-09-18T05:47:23.255Z",
          "median_price": 14.99
        },
        {
          "date": "2025-09-18T05:48:19.058Z",
          "median_price": 14.99
        },
        {
          "date": "2025-09-18T05:50:07.269Z",
          "median_price": 14.99
        },
        {
          "date": "2025-09-18T05:52:15.586Z",
          "median_price": 14.99
        },
        {
          "date": "2025-09-18T05:52:59.907Z",
          "median_price": 14.99
        }
      ]
    }
  },
  "metadata": {
    "last_capture": "2025-09-18T05:52:59.907Z",
    "total_captures": 89,
    "created_at": "2025-09-17T21:45:00.377Z"
  }
}